date,ambito,componente,valor
2018-08-01,Rural,Alimentos,1846.27313541888
2018-08-01,Rural,Vivienda,3455.39186936331
2018-08-01,Rural,NANV,3181.59843134302
2018-09-01,Rural,Alimentos,1847.42460846816
2018-09-01,Rural,Vivienda,3477.84134698285
2018-09-01,Rural,NANV,3195.05402316447
2018-10-01,Rural,Alimentos,1844.45961261057
2018-10-01,Rural,Vivienda,3525.84391663937
2018-10-01,Rural,NANV,3211.61231615886
2018-11-01,Rural,Alimentos,1872.44524959135
2018-11-01,Rural,Vivienda,3579.05366159629
2018-11-01,Rural,NANV,3238.93508261041
2018-12-01,Rural,Alimentos,1910.23306214728
2018-12-01,Rural,Vivienda,3584.08841387348
2018-12-01,Rural,NANV,3261.63545751859
2019-01-01,Rural,Alimentos,1917.99150208267
2019-01-01,Rural,Vivienda,3587.53687433731
2019-01-01,Rural,NANV,3264.42155653103
2019-02-01,Rural,Alimentos,1892.0916329043
2019-02-01,Rural,Vivienda,3596.08905628761
2019-02-01,Rural,NANV,3263.50341026557
2019-03-01,Rural,Alimentos,1893.81897240275
2019-03-01,Rural,Vivienda,3607.43449121361
2019-03-01,Rural,NANV,3276.0725160376
2019-04-01,Rural,Alimentos,1901.80593831004
2019-04-01,Rural,Vivienda,3566.57023471722
2019-04-01,Rural,NANV,3277.81382792038
2019-05-01,Rural,Alimentos,1913.60094624654
2019-05-01,Rural,Vivienda,3506.18769199554
2019-05-01,Rural,NANV,3268.37908353734
2019-06-01,Rural,Alimentos,1929.50243778755
2019-06-01,Rural,Vivienda,3494.66983404634
2019-06-01,Rural,NANV,3270.46865779667
2019-07-01,Rural,Alimentos,1951.62342355593
2019-07-01,Rural,Vivienda,3491.77312725672
2019-07-01,Rural,NANV,3282.75282162425
2019-08-01,Rural,Alimentos,1927.21590226819
2019-08-01,Rural,Vivienda,3495.22158772055
2019-08-01,Rural,NANV,3282.21459795139
2019-09-01,Rural,Alimentos,1920.8493058286
2019-09-01,Rural,Vivienda,3503.42892362447
2019-09-01,Rural,NANV,3290.82617671711
2019-10-01,Rural,Alimentos,1914.95604289724
2019-10-01,Rural,Vivienda,3561.88032848641
2019-10-01,Rural,NANV,3308.58755792142
2019-11-01,Rural,Alimentos,1925.14053265256
2019-11-01,Rural,Vivienda,3637.78094329533
2019-11-01,Rural,NANV,3335.27712005196
2019-12-01,Rural,Alimentos,1940.11602600682
2019-12-01,Rural,Vivienda,3650.05746254657
2019-12-01,Rural,NANV,3353.89332708964
2020-01-01,Rural,Alimentos,1965.97340717328
2020-01-01,Rural,Vivienda,3651.81617738312
2020-01-01,Rural,NANV,3370.13501792352
2020-02-01,Rural,Alimentos,1990.68328223353
2020-02-01,Rural,Vivienda,3655.88536073044
2020-02-01,Rural,NANV,3384.12883341783
2020-03-01,Rural,Alimentos,2013.69660915536
2020-03-01,Rural,Vivienda,3664.127181239
2020-03-01,Rural,NANV,3382.51416239925
2020-04-01,Rural,Alimentos,2011.06043879501
2020-04-01,Rural,Vivienda,3628.53906925226
2020-04-01,Rural,NANV,3348.2261484166
2020-05-01,Rural,Alimentos,2024.69541116225
2020-05-01,Rural,Vivienda,3571.08771792484
2020-05-01,Rural,NANV,3361.11185634914
2020-06-01,Rural,Alimentos,2021.48094147616
2020-06-01,Rural,Vivienda,3584.29532150131
2020-06-01,Rural,NANV,3379.50644187446
2020-07-01,Rural,Alimentos,2032.57704951231
2020-07-01,Rural,Vivienda,3595.70972563659
2020-07-01,Rural,NANV,3401.70025332583
2020-08-01,Rural,Alimentos,2044.16257850492
2020-08-01,Rural,Vivienda,3608.91732921306
2020-08-01,Rural,NANV,3415.09252471518
2020-09-01,Rural,Alimentos,2055.13731735963
2020-09-01,Rural,Vivienda,3611.88300521196
2020-09-01,Rural,NANV,3422.91259807964
2020-10-01,Rural,Alimentos,2058.24845546957
2020-10-01,Rural,Vivienda,3670.29992546925
2020-10-01,Rural,NANV,3443.80834067295
2020-11-01,Rural,Alimentos,2056.20231496224
2020-11-01,Rural,Vivienda,3744.0624947906
2020-11-01,Rural,NANV,3446.40447838908
2020-12-01,Rural,Alimentos,2062.06106907054
2020-12-01,Rural,Vivienda,3757.27009836707
2020-12-01,Rural,NANV,3459.54346805003
2021-01-01,Rural,Alimentos,2082.41567145122
2021-01-01,Rural,Vivienda,3797.20327053823
2021-01-01,Rural,NANV,3489.27241092141
2021-02-01,Rural,Alimentos,2098.75651422729
2021-02-01,Rural,Vivienda,3819.5837789485
2021-02-01,Rural,NANV,3511.33958150858
2021-03-01,Rural,Alimentos,2119.67270882194
2021-03-01,Rural,Vivienda,3850.48198470442
2021-03-01,Rural,NANV,3540.37199962686
2021-04-01,Rural,Alimentos,2150.44973404567
2021-04-01,Rural,Vivienda,3810.82468937037
2021-04-01,Rural,NANV,3551.95963870133
2021-05-01,Rural,Alimentos,2180.82350701293
2021-05-01,Rural,Vivienda,3744.89012530192
2021-05-01,Rural,NANV,3559.20982817688
2021-06-01,Rural,Alimentos,2181.99782242752
2021-06-01,Rural,Vivienda,3765.44294966635
2021-06-01,Rural,NANV,3578.17429759111
2021-07-01,Rural,Alimentos,2204.89124119551
2021-07-01,Rural,Vivienda,3798.30677788666
2021-07-01,Rural,NANV,3599.19668104861
2021-08-01,Rural,Alimentos,2227.70282186509
2021-08-01,Rural,Vivienda,3741.40718023345
2021-08-01,Rural,NANV,3606.06694793157
2021-09-01,Rural,Alimentos,2234.39142524267
2021-09-01,Rural,Vivienda,3768.61553329308
2021-09-01,Rural,NANV,3628.29241959899
2021-10-01,Rural,Alimentos,2239.46678521163
2021-10-01,Rural,Vivienda,3857.75823628311
2021-10-01,Rural,NANV,3658.68622700743
2021-11-01,Rural,Alimentos,2292.68001613894
2021-11-01,Rural,Vivienda,3933.93472792913
2021-11-01,Rural,NANV,3700.57269284219
2021-12-01,Rural,Alimentos,2306.87910614448
2021-12-01,Rural,Vivienda,3889.96685701529
2021-12-01,Rural,NANV,3713.99662444759
2022-01-01,Rural,Alimentos,2345.57982170644
2022-01-01,Rural,Vivienda,3898.86388501197
2022-01-01,Rural,NANV,3735.96881438661
2022-02-01,Rural,Alimentos,2376.26583789913
2022-02-01,Rural,Vivienda,3931.14147495343
2022-02-01,Rural,NANV,3766.96416590001
2022-03-01,Rural,Alimentos,2400.94230215149
2022-03-01,Rural,Vivienda,3975.41970730902
2022-03-01,Rural,NANV,3804.25990040746
2022-04-01,Rural,Alimentos,2423.63298761603
2022-04-01,Rural,Vivienda,3937.62458062543
2022-04-01,Rural,NANV,3824.83904084026
2022-05-01,Rural,Alimentos,2442.54763684712
2022-05-01,Rural,Vivienda,3873.24182376571
2022-05-01,Rural,NANV,3831.58266685901
2022-06-01,Rural,Alimentos,2477.61146729515
2022-06-01,Rural,Vivienda,3882.51818241341
2022-06-01,Rural,NANV,3863.93940766258
2022-07-01,Rural,Alimentos,2504.11871820778
2022-07-01,Rural,Vivienda,3897.8983160821
2022-07-01,Rural,NANV,3892.56024297219
2022-08-01,Rural,Alimentos,2518.89446010814
2022-08-01,Rural,Vivienda,3898.6224927795
2022-08-01,Rural,NANV,3919.62972769534
2022-09-01,Rural,Alimentos,2545.73091143992
2022-09-01,Rural,Vivienda,3890.31170306167
2022-09-01,Rural,NANV,3943.94477362209
2022-10-01,Rural,Alimentos,2553.27368915202
2022-10-01,Rural,Vivienda,3910.93349663538
2022-10-01,Rural,NANV,3966.26522593767
2022-11-01,Rural,Alimentos,2556.30675018846
2022-11-01,Rural,Vivienda,3975.45419191366
2022-11-01,Rural,NANV,3989.09224171005
2022-12-01,Rural,Alimentos,2573.10518094551
2022-12-01,Rural,Vivienda,3962.10864991863
2022-12-01,Rural,NANV,4004.32080563033
2023-01-01,Rural,Alimentos,2605.07544582715
2023-01-01,Rural,Vivienda,3976.14388400643
2023-01-01,Rural,NANV,4031.48527100162
2023-02-01,Rural,Alimentos,2623.70215678218
2023-02-01,Rural,Vivienda,4000.07619962541
2023-02-01,Rural,NANV,4053.96402439745
2023-03-01,Rural,Alimentos,2620.65131266346
2023-03-01,Rural,Vivienda,3991.62747148903
2023-03-01,Rural,NANV,4064.82347850276
2023-04-01,Rural,Alimentos,2628.9759760342
2023-04-01,Rural,Vivienda,3928.96894486122
2023-04-01,Rural,NANV,4064.00031288545
2023-05-01,Rural,Alimentos,2622.45951472883
2023-05-01,Rural,Vivienda,3852.1717303317
2023-05-01,Rural,NANV,4055.16711260737
2023-06-01,Rural,Alimentos,2632.95390189153
2023-06-01,Rural,Vivienda,3834.65355117544
2023-06-01,Rural,NANV,4059.28294069393
2023-07-01,Rural,Alimentos,2671.6021528136
2023-07-01,Rural,Vivienda,3832.03272122293
2023-07-01,Rural,NANV,4078.84895421311
2023-08-01,Rural,Alimentos,2680.01083713254
2023-08-01,Rural,Vivienda,3860.24112781707
2023-08-01,Rural,NANV,4101.42268825709
2023-09-01,Rural,Alimentos,2679.26243211043
2023-09-01,Rural,Vivienda,3877.48343013622
2023-09-01,Rural,NANV,4119.62731248611
2023-10-01,Rural,Alimentos,2663.02538452013
2023-10-01,Rural,Vivienda,3951.90120694569
2023-10-01,Rural,NANV,4135.10915813478
2023-11-01,Rural,Alimentos,2674.28524995955
2023-11-01,Rural,Vivienda,4031.31925142772
2023-11-01,Rural,NANV,4161.57709875297
2023-12-01,Rural,Alimentos,2699.39368949358
2023-12-01,Rural,Vivienda,4041.52669440066
2023-12-01,Rural,NANV,4190.9577792478
2024-01-01,Rural,Alimentos,2742.59696290388
2024-01-01,Rural,Vivienda,4067.07978643765
2024-01-01,Rural,NANV,4228.38015461945
2024-02-01,Rural,Alimentos,2722.85256365582
2024-02-01,Rural,Vivienda,4113.66848730401
2024-02-01,Rural,NANV,4232.3693418418
2024-03-01,Rural,Alimentos,2742.65068027907
2024-03-01,Rural,Vivienda,4119.11705483686
2024-03-01,Rural,NANV,4244.52686480518
2024-04-01,Rural,Alimentos,2772.05015092195
2024-04-01,Rural,Vivienda,4068.90747048348
2024-04-01,Rural,NANV,4253.10678335486
2024-05-01,Rural,Alimentos,2769.88086173819
2024-05-01,Rural,Vivienda,3989.69633362928
2024-05-01,Rural,NANV,4245.22338955829
2024-06-01,Rural,Alimentos,2810.40382241632
2024-06-01,Rural,Vivienda,3999.5244459512
2024-06-01,Rural,NANV,4261.27511909587
2024-07-01,Rural,Alimentos,2863.39245288542
2024-07-01,Rural,Vivienda,4038.11271854147
2024-07-01,Rural,NANV,4305.88436351098
2024-08-01,Rural,Alimentos,2820.60174523602
2024-08-01,Rural,Vivienda,4048.28567690977
2024-08-01,Rural,NANV,4306.20096567148
2024-09-01,Rural,Alimentos,2802.68816373949
2024-09-01,Rural,Vivienda,4057.7689431853
2024-09-01,Rural,NANV,4308.32220014686
2024-10-01,Rural,Alimentos,2817.76553045826
2024-10-01,Rural,Vivienda,4093.70190121842
2024-10-01,Rural,NANV,4332.00404175261
2024-11-01,Rural,Alimentos,2813.2949798741
2024-11-01,Rural,Vivienda,4157.70532742713
2024-11-01,Rural,NANV,4350.87353051868
2024-12-01,Rural,Alimentos,2812.93413591865
2024-12-01,Rural,Vivienda,4170.36117732939
2024-12-01,Rural,NANV,4367.49514394518
2025-01-01,Rural,Alimentos,2827.24693054059
2025-01-01,Rural,Vivienda,4190.05188657786
2025-01-01,Rural,NANV,4379.96926906906
2025-02-01,Rural,Alimentos,2839.62228808012
2025-02-01,Rural,Vivienda,4206.12171233932
2025-02-01,Rural,NANV,4392.09513181638
2025-03-01,Rural,Alimentos,2866.72902285796
2025-03-01,Rural,Vivienda,4217.19127042821
2025-03-01,Rural,NANV,4405.86732579833
2025-04-01,Rural,Alimentos,2897.72811148153
2025-04-01,Rural,Vivienda,4192.8796241582
2025-04-01,Rural,NANV,4420.3993649655
2025-05-01,Rural,Alimentos,2957.28380831006
2025-05-01,Rural,Vivienda,4155.80867417202
2025-05-01,Rural,NANV,4432.81016965728
2025-06-01,Rural,Alimentos,2965.27120282529
2025-06-01,Rural,Vivienda,4163.39528719245
2025-06-01,Rural,NANV,4445.25263456511
2025-07-01,Rural,Alimentos,2967.62977835967
2025-07-01,Rural,Vivienda,4173.36133793292
2025-07-01,Rural,NANV,4457.12521558403
2025-08-01,Rural,Alimentos,2958.53703575761
2025-08-01,Rural,Vivienda,4182.74115039454
2025-08-01,Rural,NANV,4459.87965438042
2025-09-01,Rural,Alimentos,2964.2408245419
2025-09-01,Rural,Vivienda,4188.29317174131
2025-09-01,Rural,NANV,4470.32752567708
2025-10-01,Rural,Alimentos,2952.298568657
2025-10-01,Rural,Vivienda,4233.95078828243
2025-10-01,Rural,NANV,4486.50589607886
2025-11-01,Rural,Alimentos,2970.20113829681
2025-11-01,Rural,Vivienda,4292.22977012117
2025-11-01,Rural,NANV,4516.17151851814
2025-12-01,Rural,Alimentos,2976.48215963713
2025-12-01,Rural,Vivienda,4299.26462946739
2025-12-01,Rural,NANV,4528.74062429018
2026-01-01,Rural,Alimentos,2995.90417336994
2026-01-01,Rural,Vivienda,4312.12738699748
2026-01-01,Rural,NANV,4546.02710225373
2026-02-01,Rural,Alimentos,3021.19241789331
2026-02-01,Rural,Vivienda,4321.67962248229
2026-02-01,Rural,NANV,4568.79079759401
2026-03-01,Rural,Alimentos,3090.88476892085
2026-03-01,Rural,Vivienda,4344.78430758996
2026-03-01,Rural,NANV,4607.95448484843
2026-04-01,Rural,Alimentos,3077.76818207285
2026-04-01,Rural,Vivienda,4317.19662387931
2026-04-01,Rural,NANV,4617.04096685492
2026-05-01,Rural,Alimentos,3047.33345180658
2026-05-01,Rural,Vivienda,4285.74666444917
2026-05-01,Rural,NANV,4607.41626117558
2018-08-01,Urbano,Alimentos,1974.13305119558
2018-08-01,Urbano,Vivienda,5144.97613670813
2018-08-01,Urbano,NANV,3689.42773640925
2018-09-01,Urbano,Alimentos,1977.10976211951
2018-09-01,Urbano,Vivienda,5178.40274387769
2018-09-01,Urbano,NANV,3705.03103605473
2018-10-01,Urbano,Alimentos,1972.53297766717
2018-10-01,Urbano,Vivienda,5249.87714814809
2018-10-01,Urbano,NANV,3724.23227303023
2018-11-01,Urbano,Alimentos,2000.27112815582
2018-11-01,Urbano,Vivienda,5329.10488219206
2018-11-01,Urbano,NANV,3755.91614972212
2018-12-01,Urbano,Alimentos,2039.41822074643
2018-12-01,Urbano,Vivienda,5336.60147919169
2018-12-01,Urbano,NANV,3782.23983406521
2019-01-01,Urbano,Alimentos,2043.75814899586
2019-01-01,Urbano,Vivienda,5341.73613467088
2019-01-01,Urbano,NANV,3785.47063493298
2019-02-01,Urbano,Alimentos,2021.74128293884
2019-02-01,Urbano,Vivienda,5354.47008025929
2019-02-01,Urbano,NANV,3784.40593919246
2019-03-01,Urbano,Alimentos,2028.17020718057
2019-03-01,Urbano,Vivienda,5371.36309678584
2019-03-01,Urbano,NANV,3798.98125674366
2019-04-01,Urbano,Alimentos,2038.43753907314
2019-04-01,Urbano,Vivienda,5310.51742935738
2019-04-01,Urbano,NANV,3801.00050728601
2019-05-01,Urbano,Alimentos,2049.23618635252
2019-05-01,Urbano,Vivienda,5220.60961191667
2019-05-01,Urbano,NANV,3790.05984071106
2019-06-01,Urbano,Alimentos,2067.08970871892
2019-06-01,Urbano,Vivienda,5203.45986261616
2019-06-01,Urbano,NANV,3792.48294136189
2019-07-01,Urbano,Alimentos,2088.0909240635
2019-07-01,Urbano,Vivienda,5199.14675201364
2019-07-01,Urbano,NANV,3806.72783609706
2019-08-01,Urbano,Alimentos,2064.12355665384
2019-08-01,Urbano,Vivienda,5204.28140749283
2019-08-01,Urbano,NANV,3806.10370411124
2019-09-01,Urbano,Alimentos,2059.0412775371
2019-09-01,Urbano,Vivienda,5216.50188753332
2019-09-01,Urbano,NANV,3816.08981588435
2019-10-01,Urbano,Alimentos,2053.76746916065
2019-10-01,Urbano,Vivienda,5303.53429790567
2019-10-01,Urbano,NANV,3836.68617141639
2019-11-01,Urbano,Alimentos,2067.51481267161
2019-11-01,Urbano,Vivienda,5416.54806500275
2019-11-01,Urbano,NANV,3867.63577518378
2019-12-01,Urbano,Alimentos,2083.64325113511
2019-12-01,Urbano,Vivienda,5434.82743850869
2019-12-01,Urbano,NANV,3889.22339916389
2020-01-01,Urbano,Alimentos,2105.52516989494
2020-01-01,Urbano,Vivienda,5437.44611280308
2020-01-01,Urbano,NANV,3908.05749967714
2020-02-01,Urbano,Alimentos,2133.32469628079
2020-02-01,Urbano,Vivienda,5443.50500626853
2020-02-01,Urbano,NANV,3924.28493130844
2020-03-01,Urbano,Alimentos,2159.10833287027
2020-03-01,Urbano,Vivienda,5455.7768328638
2020-03-01,Urbano,NANV,3922.41253535099
2020-04-01,Urbano,Alimentos,2159.72786798541
2020-04-01,Urbano,Vivienda,5402.78718831851
2020-04-01,Urbano,NANV,3882.65165648967
2020-05-01,Urbano,Alimentos,2173.38408792731
2020-05-01,Urbano,Vivienda,5317.24382803512
2020-05-01,Urbano,NANV,3897.59411050311
2020-06-01,Urbano,Alimentos,2167.66439146117
2020-06-01,Urbano,Vivienda,5336.90955852044
2020-06-01,Urbano,NANV,3918.92473895964
2020-07-01,Urbano,Alimentos,2178.55652128267
2020-07-01,Urbano,Vivienda,5353.90526815657
2020-07-01,Urbano,NANV,3944.66100496314
2020-08-01,Urbano,Alimentos,2192.29256264215
2020-08-01,Urbano,Vivienda,5373.57099864189
2020-08-01,Urbano,NANV,3960.19087731617
2020-09-01,Urbano,Alimentos,2203.55962558923
2020-09-01,Urbano,Vivienda,5377.986802354
2020-09-01,Urbano,NANV,3969.25914793366
2020-10-01,Urbano,Alimentos,2209.47833693513
2020-10-01,Urbano,Vivienda,5464.96786617156
2020-10-01,Urbano,NANV,3993.49015444194
2020-11-01,Urbano,Alimentos,2206.36575513422
2020-11-01,Urbano,Vivienda,5574.79814687154
2020-11-01,Urbano,NANV,3996.50067343236
2020-12-01,Urbano,Alimentos,2210.25350738751
2020-12-01,Urbano,Vivienda,5594.46387735686
2020-12-01,Urbano,NANV,4011.7368366156
2021-01-01,Urbano,Alimentos,2235.75343652979
2021-01-01,Urbano,Vivienda,5653.92318780594
2021-01-01,Urbano,NANV,4046.21095042056
2021-02-01,Urbano,Alimentos,2255.99844654916
2021-02-01,Urbano,Vivienda,5687.24710186591
2021-02-01,Urbano,NANV,4071.80036183916
2021-03-01,Urbano,Alimentos,2277.64449410914
2021-03-01,Urbano,Vivienda,5733.2536149595
2021-03-01,Urbano,NANV,4105.46677542718
2021-04-01,Urbano,Alimentos,2304.48601343869
2021-04-01,Urbano,Vivienda,5674.20507694876
2021-04-01,Urbano,NANV,4118.9039699454
2021-05-01,Urbano,Alimentos,2327.60230589651
2021-05-01,Urbano,Vivienda,5576.03046418655
2021-05-01,Urbano,NANV,4127.31139493085
2021-06-01,Urbano,Alimentos,2326.84712611882
2021-06-01,Urbano,Vivienda,5606.63301084255
2021-06-01,Urbano,NANV,4149.30286901943
2021-07-01,Urbano,Alimentos,2347.62657412652
2021-07-01,Urbano,Vivienda,5655.56627755928
2021-07-01,Urbano,NANV,4173.68073011261
2021-08-01,Urbano,Alimentos,2371.64270186442
2021-08-01,Urbano,Vivienda,5570.84446215256
2021-08-01,Urbano,NANV,4181.64759134336
2021-09-01,Urbano,Alimentos,2378.90583247458
2021-09-01,Urbano,Vivienda,5611.35689388341
2021-09-01,Urbano,NANV,4207.42057099308
2021-10-01,Urbano,Alimentos,2386.96592759132
2021-10-01,Urbano,Vivienda,5744.0877380206
2021-10-01,Urbano,NANV,4242.66567136876
2021-11-01,Urbano,Alimentos,2437.17040285011
2021-11-01,Urbano,Vivienda,5857.51227755602
2021-11-01,Urbano,NANV,4291.23782532399
2021-12-01,Urbano,Alimentos,2459.03437847308
2021-12-01,Urbano,Vivienda,5792.04542019628
2021-12-01,Urbano,NANV,4306.80441132325
2022-01-01,Urbano,Alimentos,2511.952889487
2022-01-01,Urbano,Vivienda,5805.2928313326
2022-01-01,Urbano,NANV,4332.28368180317
2022-02-01,Urbano,Alimentos,2552.2759983912
2022-02-01,Urbano,Vivienda,5853.35320661787
2022-02-01,Urbano,NANV,4368.22634145712
2022-03-01,Urbano,Alimentos,2577.02448771731
2022-03-01,Urbano,Vivienda,5919.28218297073
2022-03-01,Urbano,NANV,4411.47501670978
2022-04-01,Urbano,Alimentos,2593.06619131232
2022-04-01,Urbano,Vivienda,5863.00635891875
2022-04-01,Urbano,NANV,4435.33888675581
2022-05-01,Urbano,Alimentos,2609.62534404409
2022-05-01,Urbano,Vivienda,5767.14234112218
2022-05-01,Urbano,NANV,4443.15889340167
2022-06-01,Urbano,Alimentos,2645.38151592411
2022-06-01,Urbano,Vivienda,5780.95456436122
2022-06-01,Urbano,NANV,4480.68023984327
2022-07-01,Urbano,Alimentos,2671.96874290188
2022-07-01,Urbano,Vivienda,5803.85512779843
2022-07-01,Urbano,NANV,4513.86937603037
2022-08-01,Urbano,Alimentos,2683.69940049042
2022-08-01,Urbano,Vivienda,5804.93340544906
2022-08-01,Urbano,NANV,4545.25954355246
2022-09-01,Urbano,Alimentos,2711.61378711092
2022-09-01,Urbano,Vivienda,5792.5588857442
2022-09-01,Urbano,NANV,4573.45562385301
2022-10-01,Urbano,Alimentos,2720.55706223468
2022-10-01,Urbano,Vivienda,5823.26412550979
2022-10-01,Urbano,NANV,4599.3387444414
2022-11-01,Urbano,Alimentos,2725.04134039554
2022-11-01,Urbano,Vivienda,5919.33352952552
2022-11-01,Urbano,NANV,4625.80928336938
2022-12-01,Urbano,Alimentos,2741.66176375667
2022-12-01,Urbano,Vivienda,5899.46241282104
2022-12-01,Urbano,NANV,4643.46854720345
2023-01-01,Urbano,Alimentos,2781.59299445722
2023-01-01,Urbano,Vivienda,5920.36046062136
2023-01-01,Urbano,NANV,4674.96885566421
2023-02-01,Urbano,Alimentos,2807.58082918249
2023-02-01,Urbano,Vivienda,5955.99496964697
2023-02-01,Urbano,NANV,4701.03554448373
2023-03-01,Urbano,Alimentos,2807.72424698669
2023-03-01,Urbano,Vivienda,5943.41506372295
2023-03-01,Urbano,NANV,4713.62832513879
2023-04-01,Urbano,Alimentos,2822.82686174388
2023-04-01,Urbano,Vivienda,5850.11837366597
2023-04-01,Urbano,NANV,4712.67377033695
2023-05-01,Urbano,Alimentos,2815.64824941283
2023-05-01,Urbano,Vivienda,5735.7695961443
2023-05-01,Urbano,NANV,4702.43066304026
2023-06-01,Urbano,Alimentos,2826.21708474411
2023-06-01,Urbano,Vivienda,5709.68554630999
2023-06-01,Urbano,NANV,4707.20343704947
2023-07-01,Urbano,Alimentos,2866.74551271933
2023-07-01,Urbano,Vivienda,5705.78320814581
2023-07-01,Urbano,NANV,4729.89247041631
2023-08-01,Urbano,Alimentos,2873.54269694026
2023-08-01,Urbano,Vivienda,5747.78468996562
2023-08-01,Urbano,NANV,4756.0693001745
2023-09-01,Urbano,Alimentos,2876.01207800253
2023-09-01,Urbano,Vivienda,5773.4579673616
2023-09-01,Urbano,NANV,4777.17964675369
2023-10-01,Urbano,Alimentos,2859.63743476226
2023-10-01,Urbano,Vivienda,5884.26383260262
2023-10-01,Urbano,NANV,4795.13261975755
2023-11-01,Urbano,Alimentos,2870.71207918579
2023-11-01,Urbano,Vivienda,6002.51494828848
2023-11-01,Urbano,NANV,4825.82522800137
2023-12-01,Urbano,Alimentos,2904.03735718083
2023-12-01,Urbano,Vivienda,6017.7135285069
2023-12-01,Urbano,NANV,4859.89549169786
2024-01-01,Urbano,Alimentos,2954.0968938096
2024-01-01,Urbano,Vivienda,6055.76132560773
2024-01-01,Urbano,NANV,4903.29102153542
2024-02-01,Urbano,Alimentos,2935.90419767645
2024-02-01,Urbano,Vivienda,6125.13052113166
2024-02-01,Urbano,NANV,4907.91694095973
2024-03-01,Urbano,Alimentos,2950.08854671407
2024-03-01,Urbano,Vivienda,6133.24327678878
2024-03-01,Urbano,NANV,4922.01498111
2024-04-01,Urbano,Alimentos,2975.96776401562
2024-04-01,Urbano,Vivienda,6058.48269301171
2024-04-01,Urbano,NANV,4931.96437923688
2024-05-01,Urbano,Alimentos,2974.77312817602
2024-05-01,Urbano,Vivienda,5940.5396566546
2024-05-01,Urbano,NANV,4922.82268132694
2024-06-01,Urbano,Alimentos,3025.62374627411
2024-06-01,Urbano,Vivienda,5955.1734247703
2024-06-01,Urbano,NANV,4941.43649996285
2024-07-01,Urbano,Alimentos,3078.4504240014
2024-07-01,Urbano,Vivienda,6012.6302195825
2024-07-01,Urbano,NANV,4993.1660274934
2024-08-01,Urbano,Alimentos,3028.41785540182
2024-08-01,Urbano,Vivienda,6027.77745324612
2024-08-01,Urbano,NANV,4993.53316395565
2024-09-01,Urbano,Alimentos,3013.55161348006
2024-09-01,Urbano,Vivienda,6041.89775581391
2024-09-01,Urbano,NANV,4995.9929782527
2024-10-01,Urbano,Alimentos,3035.55428997283
2024-10-01,Urbano,Vivienda,6095.40086590712
2024-10-01,Urbano,NANV,5023.45478562875
2024-11-01,Urbano,Alimentos,3032.40826976988
2024-11-01,Urbano,Vivienda,6190.70007160098
2024-11-01,Urbano,NANV,5045.33611877866
2024-12-01,Urbano,Alimentos,3029.11768566814
2024-12-01,Urbano,Vivienda,6209.54425720962
2024-12-01,Urbano,NANV,5064.61078304661
2025-01-01,Urbano,Alimentos,3045.76692601397
2025-01-01,Urbano,Vivienda,6238.86313999582
2025-01-01,Urbano,NANV,5079.07595965912
2025-02-01,Urbano,Alimentos,3059.59448841847
2025-02-01,Urbano,Vivienda,6262.79063452887
2025-02-01,Urbano,NANV,5093.13728616317
2025-03-01,Urbano,Alimentos,3086.94599937196
2025-03-01,Urbano,Vivienda,6279.27287861709
2025-03-01,Urbano,NANV,5109.1077222709
2025-04-01,Urbano,Alimentos,3121.21656268894
2025-04-01,Urbano,Vivienda,6243.07355748876
2025-04-01,Urbano,NANV,5125.95928588802
2025-05-01,Urbano,Alimentos,3183.85400990028
2025-05-01,Urbano,Vivienda,6187.87601108742
2025-05-01,Urbano,NANV,5140.35103520809
2025-06-01,Urbano,Alimentos,3189.60180095653
2025-06-01,Urbano,Vivienda,6199.17225314165
2025-06-01,Urbano,NANV,5154.77949817439
2025-07-01,Urbano,Alimentos,3194.51046679491
2025-07-01,Urbano,Vivienda,6214.01140747652
2025-07-01,Urbano,NANV,5168.54711550864
2025-08-01,Urbano,Alimentos,3184.34903431862
2025-08-01,Urbano,Vivienda,6227.97767037993
2025-08-01,Urbano,NANV,5171.74120273018
2025-09-01,Urbano,Alimentos,3187.48855280341
2025-09-01,Urbano,Vivienda,6236.24446570144
2025-09-01,Urbano,NANV,5183.85670598433
2025-10-01,Urbano,Alimentos,3177.5539640185
2025-10-01,Urbano,Vivienda,6304.22730424598
2025-10-01,Urbano,NANV,5202.61737920513
2025-11-01,Urbano,Alimentos,3197.89234506365
2025-11-01,Urbano,Vivienda,6391.00298184437
2025-11-01,Urbano,NANV,5237.01806571764
2025-12-01,Urbano,Alimentos,3200.80010498272
2025-12-01,Urbano,Vivienda,6401.47767902193
2025-12-01,Urbano,NANV,5251.59338326884
2026-01-01,Urbano,Alimentos,3227.35503471192
2026-01-01,Urbano,Vivienda,6420.62994395933
2026-01-01,Urbano,NANV,5271.6390341075
2026-02-01,Urbano,Alimentos,3260.16139435476
2026-02-01,Urbano,Vivienda,6434.8529396367
2026-02-01,Urbano,NANV,5298.03614574304
2026-03-01,Urbano,Alimentos,3329.14152785343
2026-03-01,Urbano,Vivienda,6469.2551313473
2026-03-01,Urbano,NANV,5343.45092612295
2026-04-01,Urbano,Alimentos,3306.44494713294
2026-04-01,Urbano,Vivienda,6428.17788751374
2026-04-01,Urbano,NANV,5353.98774258943
2026-05-01,Urbano,Alimentos,3278.06980699567
2026-05-01,Urbano,Vivienda,6381.34982954348
2026-05-01,Urbano,NANV,5342.82679413713
